State,Broadband,Computer
Alabama,0.73,0.834
Alaska,0.84,0.933
Arizona,0.82,0.899
Arkansas,0.7,0.841
California,0.85,0.917
Colorado,0.86,0.928
Connecticut,0.84,0.896
Delaware,0.82,0.899
District of Columbia,0.8,0.898
Florida,0.81,0.898
Georgia,0.79,0.886
Hawaii,0.83,0.9
Idaho,0.8,0.902
Illinois,0.81,0.883
Indiana,0.78,0.872
Iowa,0.79,0.876
Kansas,0.8,0.884
Kentucky,0.76,0.843
Louisiana,0.73,0.835
Maine,0.8,0.884
Maryland,0.85,0.913
Massachusetts,0.85,0.901
Michigan,0.79,0.88
Minnesota,0.83,0.903
Mississippi,0.68,0.815
Missouri,0.78,0.873
Montana,0.78,0.873
Nebraska,0.81,0.885
Nevada,0.81,0.912
New Hampshire,0.86,0.922
New Jersey,0.84,0.901
New Mexico,0.72,0.838
New York,0.81,0.882
North Carolina,0.78,0.874
North Dakota,0.79,0.885
Ohio,0.8,0.874
Oklahoma,0.76,0.867
Oregon,0.84,0.918
Pennsylvania,0.79,0.865
Puerto Rico,0.56,0.645
Rhode Island,0.82,0.876
South Carolina,0.75,0.862
South Dakota,0.78,0.868
Tennessee,0.75,0.852
Texas,0.79,0.892
Utah,0.86,0.944
Vermont,0.8,0.889
Virginia,0.82,0.899
Washington,0.87,0.927
West Virginia,0.73,0.818
Wisconsin,0.8,0.88
Wyoming,0.81,0.908
